Session Id,Title,Description,Speakers,Session format,Level,Pre-requisites for attendees?,Topic of your presentation,Neo4j Use-Case,Your Timezone,Status,Date Submitted,Speaker Ids
369057,Blazing Fast Graphs üî•: Hands-On With Apache Arrow and Neo4j,"Learn how to leverage Apache Arrow for blazing fast construction of Neo4j graph projections, ludicrously fast exporting of complex graph features, and more. If you're a Data Scientist looking to experiment with your millions of node embeddings or a Data Engineer looking to decrease deployment time, you should check out Neo4j's Apache Arrow support!

We'll work through exercises loading data from cloud object storage and cloud data warehouses directly to Neo4j. Since this is about the full lifecycle, we'll also work through pulling the data back out into other cloud storage systems.

Along the way, we'll cover some best practices related to:

* using the Neo4j Graph Data Science Python client
* how to parallelize in Python without headaches",Dave Voutila,Workshop >2 hours,Advanced,"Python knowledge (can import modules, write a function, and use core primatives like Dictionaries), familiarity with a Jupyter notebook","Performance, Graph Data Science",General,US Eastern,Accepted,25 Jul 2022 08:49 PM,1072622f-3c07-4256-8a51-0ecbb22044f0
373003,Neo4j Drivers Best Practices,"Neo4j & Neo4j AuraDB support Python, JavaScript, Java, Go, and .NET. In this session, we‚Äôll cover some best practices for using Neo4j drivers in your application. We'll provide worked code examples of the most common things people try to do, and good patterns that will making coding with Neo4j easier. We will also dive into how querying a Neo4j database works, how Neo4j clusters operate, how queries are sent through the system, and what's happening under the hood of how drivers work.",M. David Allen,Full Session 30-45 min,Intermediate,Have tried any of Neo4j's programming language drivers,API/Drivers (Python,General,EST,Accepted,7 Aug 2022 09:30 PM,ea37a4c6-82d3-4f31-9cf2-6e644b3776ae
386925,Welcome to NODES 2022,We're so excited to welcome you here at NODES 2022 the Neo4j Online Developer Education Summit. Hear what you can expect in the next 24 hours and learn how to use the NODES event platform.,Michael Hunger,Lighting Talk 10-15 min,Introductory and overview,,"Other, Featured",,,Accepted,20 Sep 2022 11:44 PM,a035c1ab-f6b9-40d7-b626-5b2da7f43e92
386573,Keynote: Social Network Interventions,"A deep understanding of social networks can be used to create an artificial tipping point, changing population behavior by fostering behavioral cascades. Here, we experimentally test this proposition. We show that network-based targeting substantially increases population-level adoption of new behaviors. In part, this works by driving indirect treatment effects among the nontargeted members of the population (among people who were not initially part of the treatment group but who were affected by treatment of others in their population). The techniques we demonstrate can be easily implemented in global health (and elsewhere), as they do not require knowledge of the whole network. The novel pair-targeting technique explored here is particularly powerful and easy to implement.",Nicholas Christakis,Full Session 30-45 min,Introductory and overview,,"Knowledge Graph, Featured",General,,Accepted,19 Sep 2022 09:53 PM,85612b2a-6903-46a6-a8dc-8a17e79ab953
373078,Modeling NFT Tweets as a Knowledge Graph Using Neo4j,"In this session, we will try to play with a chunk of NFT data grabbed by my research team recently. I'll show how we can model this data as a Knowledge Graph using CSV importer tool and play around with it.  ",Siraj Munir,Lighting Talk 10-15 min,"Introductory and overview, Intermediate",Nothing just some basic Knowledge of Neo4j and Knowledge Graph,Knowledge Graph,"General, Blockchain",CEST ,Accepted,8 Aug 2022 10:47 AM,51f8644e-4c5b-4ed1-86c9-e0b36572fc31
375851,Graph Traversal: Graph Pattern Matching vs. Traversal API,"Let's talk about the new graph pattern matching features for 5.x in Neo4j, what they achieve and why you might still want to use the Traversal API after all. This will include a general introduction to Graph pattern matching in Cypher and the Traversal API, as well as the comparison between the two.","Nadja M√ºller, Petra Selmer",Full Session 30-45 min,"Advanced, Intermediate",,"Database, Cypher, Performance",General,CET,Accepted,19 Aug 2022 12:58 PM,"64a88ccb-1aca-4215-8ae3-3edacccf5a05, 64c8dc40-38ad-4338-a7c0-7e20b2059456"
381187,Introducing Neo4j 5 for Administrators,"In this session, we introduce Neo4j version 5 to the world, with an overview of the new features","John Stegeman, Stu Moore",Full Session 30-45 min,"Introductory and overview, Intermediate, Advanced, Expert",,"Database, API/Drivers (Python, Cypher, Security, Performance",General,,Accepted,1 Sep 2022 12:04 PM,"b6c16819-84d2-4cf1-919a-ab6e05dacc7e, ab365819-2a3a-4edf-99e2-6d8b78953c13"
376103,ESG Supply Chain Knowledge Graph,"We will create a Knowledge Graph and see how different data sources can be added to create new value in terms of ESG related topics. This is of special interest as there will be a new supply chain legislation in the EU. Some companies, however, already publish their supplier lists. This will be the starting point for us. Then we will add more and more data to not only analyze the supply chain itself but also to analyze the supply chain in terms of ESG-related topics. In our presentation, the focus is particularly on companies in the textile industry such as Adidas, Nike or H&M. Different data will be used. On the one hand, the data comes from the companies themselves. Some companies already publish their supply chain voluntarily. On the other hand, data from publicly accessible databases, government publications and media reports are also used.",Dr. Julian Gruemmer,Lighting Talk 10-15 min,Introductory and overview,,"Knowledge Graph, Analytics","Financial, Shipping and Logistics",Berlin,Accepted,20 Aug 2022 03:54 PM,0baf59fb-f0f8-49b0-863d-aa6692d44f2d
374380,Bootstrapping Your Graph Project With Neo4j Workspace,"Learn how to use the new Workspace which blends Import, Query and Explore functionality to quickly take an idea and some data, load to a graph model and quickly derive unique insights.",Gregory King,Full Session 30-45 min,Introductory and overview,,Other,General,GMT,Accepted,12 Aug 2022 03:42 PM,d33d9e3a-00d5-4b4a-b1f8-d6c53b400951
378001,GNNs at Scale With Graph Data Science Sampling and Python Client Integration,"Graph neural networks (GNN) is a tool that brings great predictive power to graph machine learning tasks such as link prediction and node classification. However, GNN architectures are typically very compute heavy and as such are not feasible to run at massive scale. In this talk we will leverage the graph sampling features of the Neo4j Graph Data Science (GDS) library as well as the inductive power of GNNs to bring GNNs to scale. We will also show how the GDS Python Client can with great performance be used to integrate the GDS workflow with other GNN Python libraries.",Adam Schill Collberg,Full Session 30-45 min,Advanced,"Basic Python, basic machine learning, some familiarity with GDS, PyTorch and GNNs could also be useful","Graph Data Science, Analytics, Machine Learning, Performance",General,,Accepted,25 Aug 2022 08:37 AM,e543cb48-2c5c-4a14-bd40-6d58c594eb68
380711,IAC: SchemaSmith for Data Governance at JB Hunt,"Want to express you graph in easy-to-read yaml and push an easy button to automate scripts to build out your indexes and constraints? This tool will get you at least 67.8% of the way there!

At JB Hunt we are actively working to automate processes, eliminate human errors, and have fun while doing it. Come learn about how we're making our lives easier so you can make your life easier, too!",Donovan Bergin,Full Session 30-45 min,Intermediate,"Come on, come all!","Database, Other",Shipping and Logistics,,Accepted,31 Aug 2022 08:22 PM,af478030-aa71-40e3-8aaf-00fad67e4960
369691,"PHP Devs, Change Your Life","Talk at conference in 2015 showed me Neo4j for first time and when I created first project with it, my life has changed. Let this talk to raise your desire to change your life today as PHP developer.",Michal ≈†tefa≈à√°k,Lighting Talk 10-15 min,Introductory and overview,,"Database, API/Drivers (Python",General,Europe/Prague,Accepted,27 Jul 2022 10:06 AM,8bf81894-647b-4593-897c-a67a3ccad5e0
379650,Neo4j Ops Manager: Intro and Roadmap,"Overview of the recently released Neo4j Ops Manager product for Enterprise customers; it's use cases, features, demo and roadmap.",Chris Shelmerdine,Full Session 30-45 min,Introductory and overview,"The focus of Neo4j Ops Manager is on system administration and monitoring rather than application development. This will be more relevant for DBAs, SREs and DevOps people.",Database,General,,Accepted,30 Aug 2022 10:48 AM,6b137aad-a0b6-4cfc-af8e-1f2cd1314474
383055,A Space to Relax: Guided Meditation (AMER),"In the middle of all the interesting graph sessions you might need some time to let things land a bit, give your mind some well needed rest and come back re-charged and energised for the rest of the day.

You can listen to more of meditations here: https://soundcloud.com/burqen",Anton Persson,Lighting Talk 10-15 min,Introductory and overview,,Other,General,,Accepted,7 Sep 2022 10:27 AM,0d166c94-48f2-4cea-805b-6df967a90d92
374102,Fashion Retail Recommendation Using GDS and Apache Arrow,"We will present how to load the dataset on GDS using the new Apache Arrow Feature, then we will use the neo4j algorithms to generate the embeddings for recommendation.
In the end, we export the dataset (always using Apache Arrow Feature) with the embeddings to train a Graph Neural Network using DGL.","Filippo Minutella, Valerio Piccioni",Lighting Talk 10-15 min,"Intermediate, Advanced, Expert",,"Machine Learning, Graph Data Science",General,GMT+1,Accepted,11 Aug 2022 03:06 PM,"fa636add-f0fc-44b3-aed9-bbc78eee4fc3, ae5e2268-55a5-4166-a3fe-db8fe9079e95"
384329,Graph Modeling: The Shadow Graph,"One of the best things about working with graphs is the flexibility of the graph model.

As part of a tennis predictions app that I've been building, I needed to come up with a way to represent the actual result of a match alongside the predictions done by participants. 

After trying a few approaches, I eventually settled on what I like to think of as a shadow graph. We keep the initial subgraph representing each match, but then attach a match prediction subgraph to that match for each player, with precisely the same structure.

This technique makes it easy to add new predictions to the graph, as well as query the graph to compute prediction accuracy.

In this talk, I'll show the graph model before doing a quick walk-through of the model in action based on my (not very good!) predictions of tennis tournaments in 2022. ",Mark Needham,Lighting Talk 10-15 min,Introductory and overview,,Other,General,,Accepted,11 Sep 2022 09:53 PM,681e2639-0241-41a1-9089-a88fbf14ce06
375636,Demystifying Graph Analytics With Visualization,"If you‚Äôre serious about finding insights in your connected data sets, graph analytics are essential. These sophisticated algorithms from the world of graph theory often assign numeric scores or rankings to nodes to help make sense of the structure of the network. But business users shouldn‚Äôt need data scientist-level expertise to interpret graph analytics results. They simply want to know what‚Äôs really going on in a network: who has the most influence? Who is well connected? Who belongs to which hidden subgroup?

So how do we help users understand graph analytics in an intuitive way so that they can make fast business decisions?

Graph visualization is a proven method for displaying analytical data to non-experts. It‚Äôs so effective because it binds analytically-derived metrics to instantly recognizable visual properties of nodes and links - think color, size, node icons and link widths. That‚Äôs how developers create powerful graph visualization applications that reveal insights which often remain hidden in traditional graph representations.

In this talk, data visualization expert and Cambridge Intelligence‚Äôs chief product evangelist, Corey Lanum demonstrates how to present graph analytics in a way that users can understand easily. Using Neo4j‚Äôs graph algorithms alongside complementary front-end analytics techniques from KeyLines and ReGraph graph visualization toolkits, he‚Äôll focus on a fascinating data set featuring large charitable donations made in the United States. He‚Äôll reveal key donors, recipients, communities and interesting donation patterns through the universal language of visualization.
",Corey Lanum,Full Session 30-45 min,Intermediate,Web application development helpful but not required,Visualization,"General, Financial",Eastern US,Accepted,18 Aug 2022 04:13 PM,dd737d74-6d2e-4f1f-a918-f62fff5043ed
375962,Graph Database Techniques to Reduce Risk and Innovate,"This session will look at 3 unique graph prototypes recently developed by the Software Engineering Institute (SEI) to tackle challenges encountered by our DoD clients in cybersecurity, risk management, and policy.
The first prototype aids in analysis of complex software obsolescence tracking data. Using graph techniques, we analyze existing data and processes to show the relationships between the software products as well as system impacts and risks when needing to perform upgrades due the end-of-support issues. These techniques allowed for enhanced risk management activities for the program by identifying risks and system impacts early.
The second prototype is a variant of the first, but instead aids in the analysis of data related to a Software Bill of Materials (SBOM). Graphing SBOM data from a generated SPDX formatted file is a novel technique in visualizing relationships in the components that make up software intensive systems.
The final prototype involves the graphing and subsequent analysis of a document examining roles, responsibilities, artifacts, policies, and guidance.  This analysis allowed for the identification of missing artifacts from the process as well as impacts to the processes should the applicable guidance or policies implementing the process change.",Michael Bandor,Full Session 30-45 min,Introductory and overview,none,Knowledge Graph,Aerospace and Defense,US-Central,Accepted,19 Aug 2022 08:46 PM,981b020c-2eb8-422c-be5c-7775a375982b
380487,Get Started Fast With an Autonomous Cluster - this is a duplicate,We'll skip the theory and jump right into creating and using an autonomous cluster,John Stegeman,Full Session 30-45 min,Expert,,"Database, Performance",General,,Accepted,31 Aug 2022 05:23 PM,b6c16819-84d2-4cf1-919a-ab6e05dacc7e
372748,Optimizing Path Pattern Matching in Cypher,"Relationships and patterns are the essential part of the graph model and Cypher as its query language. In this session, we want to explore how to match patterns in your graph more efficiently. Sharing tips and tricks, as well as explaining more about the inner workings of the Cypher engine and Neo4j, will help you better understand how and what to model and query with paths in your graph. From simple path functions all the way to new features for efficient k-hop expansions, you'll learn a lot of useful ingredients for your successful graph journey.",Jennifer Reif,Full Session 30-45 min,"Intermediate, Introductory and overview",,"Cypher, Featured",General,US Central + Central European,Accepted,5 Aug 2022 07:55 PM,e8154769-ac25-4c42-890f-6ccd70e2ec79
375440,Towards Real-time Knowledge Graphs for Non-Player Characters in Games,"This session discusses the development of a Neo4j plugin for Epic Game's Unreal Engine to allow for communications between a game environment's players and non-player characters. This demonstration will show how game design researchers have implemented the use of Neo4j as a tool for creating long-term memory/knowledge for non-player characters, player performance recording, and other applications. ",Owen Brierley,Full Session 30-45 min,Intermediate,"Awareness of 3D game engines, familiarity with Neo4j","Other, Knowledge Graph",General,MDT,Accepted,17 Aug 2022 07:10 PM,04a82b32-2066-418b-9c18-6ad462d77c1a
381305,Arcurve Skills/Staffing Recommender,"Challenge: project planning and team building can be difficult when balancing skills, experience, and availability to get the right people on the job. Proposition: leverage data on roles, experience, skills, and capacity dynamically to dynamically recommend the best project team makeups using graph!","Mike Morley, Pete Tunkis",Full Session 30-45 min,Intermediate,"Python, cypher","Graph Data Science, Cypher, Knowledge Graph, Machine Learning","Professional Services, Human Resources",,Accepted,1 Sep 2022 04:17 PM,"9d948aef-b5e4-4e6c-b7e0-7261242f0fa3, 34a67ca6-ccd5-4b2d-bea8-ead104edf2b3"
373149,Security and Velocity Through Declarative Ingestion,"Learn about Intuit Security's Ingestion System, Munchlax. 

Munchlax is a kubernetes powered system for declaratively specifying what to ingest and how to ingest data into a graph database. 

In production today, it processes 100s of millions of records and actively helps Intuit stay compliant, map vulnerabilities to effected systems and owners, and score different sites and services for their inherent risk. All of this made possible with an ingestion system that is flexible, easy to use, and fast to develop on. 

This talk will dive into the architecture of our system and the decisions behind it. Additionally, we'll show some real examples of just how easy it is to develop new ingestion pipelines.",Zach Probst,Full Session 30-45 min,Intermediate,,"Security, Database, API/Drivers (Python",General,Pacific Time,Accepted,8 Aug 2022 02:28 PM,0a3509c7-b9c4-400a-8c70-1969b875ffe0
373163,Making Sense of Geospatial Data With Knowledge Graphs,"Knowledge graphs help contextualize and enrich data by modeling and querying relationships between entities using a graph database and have been successfully used alongside geospatial data and map tooling for use cases such as logistics and supply chain analysis, fraud detection, investigations, suitability analysis, real estate, and data journalism. In this presentation, we examine how the open-source Neo4j graph database can be used with QGIS and Python for making sense of geospatial data using graph algorithms and graph data visualization while combining data from OpenStreetMap, cadastral data, and public data portals to find insights that address the use cases mentioned above.",William Lyon,Full Session 30-45 min,Intermediate,,"Database, Visualization, Knowledge Graph, Analytics",General,US Pacific,Accepted,8 Aug 2022 03:59 PM,ccfa2117-f3a6-4054-a56f-a4f18131ecf8
378404,GraphQL Quickstart With Neo4j GraphQL Library,"GraphQL is a great fit for neo4j, extending the graph model to the API layer of your stack.  Getting started is quite easy with the right tools. In this talk, we'll explore how you can go from dataset to app in 15 minutes.",Max Andersson,Lighting Talk 10-15 min,Introductory and overview,node.js,"GraphQL, API/Drivers (Python",General,,Accepted,26 Aug 2022 11:28 AM,13013c56-acad-487b-80cf-aefd2477775f
375640,Quick Deploy GraphQL API With SST,Learn how to build and deploy a Neo4j graphQL API using the Serverless Stack Toolkit (SST).,Samuel Chalvet,Lighting Talk 10-15 min,"Intermediate, Introductory and overview",,"API/Drivers (Python, GraphQL",General,Eastern,Accepted,18 Aug 2022 04:28 PM,81f7ea5b-eae1-4a45-90ec-323aec82cf1d
373168,ETL Patterns With Neo4j Using Apache Beam,What patterns are most appropriate for building ETLs using Neo4j?  In this session we will discuss how we built the  Google Cloud DataFlow flex template using the Neo4j java API.  You can apply the same approach to building read and write operators in any framework including AWS Lambda and Google Cloud Functions.,Anthony Krinsky,Full Session 30-45 min,Advanced,"java, cypher",API/Drivers (Python,General,PST,Accepted,8 Aug 2022 04:28 PM,5c263c81-6614-4fb9-9de6-42b7a28c5973
375904,Exploring Data With Neo4j Bloom,"See how Bloom's latest updates make it even easier to visually explore and derive value from graph data, even with little to no coding. Join us for a walkthrough of some of the latest features including scene actions, timezone & timeline analysis, graph data science integrations, and perspective autosync. We'll also revisit older but still super helpful features like search phrases & deep links to give a good sense of how Bloom can help analysts, data scientists and developers alike.",Jeff Gagnon,Full Session 30-45 min,"Introductory and overview, Intermediate",,Visualization,General,EST,Accepted,19 Aug 2022 03:21 PM,c7d10719-6c7f-41d7-8d49-8cdccdce98bb
381495,Hypertext Super Collaborator,"Systems thinking inspires us to write, share and aggregate small graphs in order to discover larger ones. We compose these products of our imagination as graph shaped ""poems"" in the style of Haiku. Wiki's property graph representation joins tables and trees in the space right behind the glass and travels freely within our federation. A thematic sketch, such as ""organizing for action"", makes purposeful authoring a matter of choosing relations from a menu. Nodes that match highlight. Nodes that don't match invite another composition that brings these ideas together.",Ward Cunningham,"Full Session 30-45 min, Lighting Talk 10-15 min",Introductory and overview,Basic information representation,"Knowledge Graph, Visualization, Featured",General,,Accepted,2 Sep 2022 01:03 AM,7efae712-2d40-486f-86e8-423a0eaa1019
378837,Discover Invisible Patterns in Your Data: Connect Google Sheets Tables and Neo4j,"Let your table data tell a graph-connected data story. 

We are used to thinking about data as a table, and we have used tables at school and at work. But this type of data is hard to navigate and makes it difficult to discover patterns, unlock insights, and inform timely decisions. Recently, we moved to cloud-based technology and learned to use Google Sheets. The cloud makes it easy to share information and collaborate, but we didn't move away from table data; it is still in columns and rows.

The Neo4j graph database allows you to make sense of data and discover invisible patterns. Once you have insights and confidence about what your data is telling you, you can explain it to others and craft a marketing headline that will help your business grow.

This talk will give you guidance and code for connecting a Google Sheet to a graph in Neo4j. We will cover the fundamental transformation from table data to a graph data model. Learn Cypher queries and take the first steps to using data to empower your decisions and make your projects and  business successful.",Kateryna Nesvit,Lighting Talk 10-15 min,Introductory and overview,,"Analytics, Visualization, Knowledge Graph, Cloud (AuraDB, Best Practices, Featured","General, EdTech",,Accepted,27 Aug 2022 11:48 PM,0a2b1310-f230-4458-8d78-a6a6c5feab70
375041,"Let's Get Functional! Pull Off a Trifecta With Spring Cloud Function, Azure Functions, and Neo4j","So-called ""serverless"" may be the least accurate tech name in history, although there are countless worthy contenders for that (dis)honor. And while functions may not have a perfectly precise definition in terms of size or scope, we're far more likely to reach general agreement on functions - their purpose, scope, pros/cons, and utility - than we are to ever locate those missing servers. :)

In this session, the presenter examines what makes a capability or set of capabilities ideal candidate(s) for development and deployment as one or more functions. The presenter will then lead attendees in a Live Coding Adventure(TM) to demonstrate how to create candidate functions using the power of Spring Boot and Spring Cloud Function. Next, we'll incorporate the power of the graph, connecting our functions to a cloud-based, global-scale Neo4j database. Finally, we will deploy these open source functions via Azure Functions to demonstrate how to integrate everything in the cloud and reveal some potentially very welcome discoveries. Come to this session to learn how to incorporate functions into your critical systems. With great power...",Mark Heckler,Full Session 30-45 min,Introductory and overview,N/A,"Cloud (AuraDB, API/Drivers (Python, Other, Featured",General,US Central Timezone (Chicago),Accepted,16 Aug 2022 12:30 AM,05be364d-a57f-4e08-978d-8043d43db097
375713,Are Personal Knowledge Graphs the Next Big Thing for Search?,"There are three flavors of PKGs right now, all of which have their own merits but one, in particular, has ""next big thing"" written all over it. Join me in this session where we will walk through the three different types of PKGs, and explore how one of these types can revolutionize the way we personalize search experiances.",Ashleigh Faith,Full Session 30-45 min,Intermediate,Know what a knowledge graph is,"Knowledge Graph, Featured",General,EST,Accepted,18 Aug 2022 08:50 PM,ab0506e1-8b2d-41ad-bcee-e63a81108598
381474,Graph Data Science for Computer Vision,"In this talk we'll discuss the domain of Computer Vision and the kinds of graph modeling techniques that lend themselves well to this domain.  We will utilize a few sample use cases and explore the utilization of a graph based model and some of its potential alternatives including some considerations and trade-offs.

We'll share insights into the answers for questions about why graphs may be useful for this purpose, what makes a neural network a graph neural network, and difficulty in challenges such as defining convolutions on graphs.

We'll explore this implementation and model representation in the Neo4j GDS and some of the architectural and implementation considerations for use in integrated production environments.  These use cases will be based on real-world examples but may use generated data if/where necessary.",Anuj DA,Lighting Talk 10-15 min,"Introductory and overview, Intermediate","General familiarity or experience with data science, engineering, and data preparation practices and formats.","Graph Data Science, Machine Learning, Other","General, Aerospace and Defense, Biotechnology",,Accepted,1 Sep 2022 11:46 PM,ca8a470e-22db-4a30-8e5b-79f89b07346f
375986,Top 10 Tips for Evaluating  ‚ÄúBenchmark‚Äù Results,The LDBC data sets and queries have been used and abused by unscrupulous persons for both fun and profit.  This session explores the sub-optimal LDBC data model & queries and how they can be tweaked for significantly better performance.,Mark Quinsland,Lighting Talk 10-15 min,Intermediate,Basic Cypher and Data Modeling skills,Performance,General,Pacific Time ,Accepted,20 Aug 2022 12:18 AM,312c7fa3-16a8-4501-8031-8ec21beef17f
375844,Graph Algorithms and Visualization for Clinical Care Support of Pneumonia,"Looking at multiple patient journeys at once can be a feat due to the inherent complexity of healthcare data. By creating a graph connecting events from when patients get admitted to the ICU to when they are discharged including medical visits, diagnoses, labs and procedures,  we can present the patient journey in a far more intuitive way. 

We will take a deep dive into patient journeys through the Medical Information Mart for Intensive Care (MIMIC)-IV de-identified Electronic Medical Records (EMR) data from 2008-2019, for patients diagnosed with Pneumonia.

Using Neo4j and GraphXR to effectively model and analyze clinical and physiological patient data at scale, we can enable researchers and clinical practitioners to:
* Visualize the patient journey across time
* Use graph algorithms for patient phenotyping and characterization
* Develop diagnoses and treatment recommendations based on cohort-level trends
* Advance AI-enabled patient outcome prediction

Join us for this talk to learn:
* How to inject EMR data into a Neo4j graph database, connecting  patient medical history, diagnoses, medications and procedures; 
* Use Neo4j Graph Data Science graph embedding algorithms to learn low dimensional patient history representations 
* Apply graph clustering algorithms to cluster patients into similar cohorts  
* Use the graph embeddings as an input to the prediction problem of identifying patients at high-risk for 30-day readmission 
* How to use GraphXR to design a dashboard visualization for clinical use that allows clinicians to toggle between:
    *  Single patient view of their medical history
    *  Birds-eye view of the care path taken by similar patients  
    *  An explainable AI view of main factors explaining a patient‚Äôs predicted 30-day readmission result
","Ana Areias, Mengjia Kang",Full Session 30-45 min,"Introductory and overview, Intermediate",,"Graph Data Science, Visualization, Machine Learning",Healthcare,Western European Summer Time,Accepted,19 Aug 2022 12:08 PM,"c428e3c7-9627-4246-b1e5-5dc3a9722600, 2c8c6655-227f-4c55-9896-33ed97c0c782"
379303,Graph Databases for Python Developers,"Graph databases are increasingly popular in the data science field but as a Python programmer you might not have worked with one yet. Walk away from this talk understanding the current Graph DB landscape and the technologies available to Python devs. Learn both why you should implement a graph db for your applications, and what it takes to integrate with one.",Jason Koo,Full Session 30-45 min,Introductory and overview,None,Database,General,,Accepted,29 Aug 2022 04:06 PM,66726e07-256d-4ae1-b1f8-2b87c97c3546
380635,Using Graph Databases for Consumer Products,"Graph Databases can provide an excellent alternative to both SQL and other NoSQL databases when building consumer products. Learn how to get started with property graphs, as well as some best practices for modeling data effectively.

I will talk about the process of building a consumer-facing application utilizing GRANDstack, including a comparison of using property graphs vs traditional SQL or document-based databases to model data, handle business logic, and solve unique problems that traditional databases struggle with.",Chris Anthes,Full Session 30-45 min,"Introductory and overview, Intermediate",,"Database, Knowledge Graph, API/Drivers (Python, GraphQL, Best Practices",General,,Accepted,31 Aug 2022 07:09 PM,ce50d575-69c4-4006-be13-11f0fb999bad
386575,Closing Q&A AMERICAS,Emil & Andreas will answer audience questions.,"Emil Eifrem, Andreas Kollegger",Lighting Talk 10-15 min,,,,,,Accepted,19 Sep 2022 10:00 PM,"a048c517-ae6b-457a-a054-55b1870f7a94, fdef00c1-732f-49d3-b79d-fee7e3c5107d"
374665,The Heisenbugs - Finding Collusion Among Malicious Entities Through Knowledge Graph,"Life as a malware researcher (and security researcher in general) requires one to continuously develop the intuitive ability to see patterns, connections among seemingly unrelated entities. 

In this talk, we shall discuss how we can apply the concept of Knowledge Graph as a critical aid to solve a challenging technical scenario often faced by a security researcher. We can consider this scenario equivalent to an Asimovian Robot‚Äôs dilemma in taking a decision adhering to the ‚ÄúLaws of Robotics‚Äù.

First Law: A robot may not injure a human being or, through inaction, allow a human being to come to harm.
Second Law: A robot must obey the orders given it by human beings except where such orders would conflict with the First Law.
Third Law: A robot must protect its own existence as long as such protection does not conflict with the First or Second Law.

If a Robot can not reason an intended action‚Äôs precedence according to three laws, it would go into an unstable mode (‚ÄúBrain Freeze‚Äù) and cease to operate. 

Sometimes, this kind of scenario is also common in analyzing a malware in silo. In this talk, we shall see how we can build a graph database schema from the scratch that is relevant to the cross platform executables (Android, macOS, Linux, Windows) and build a knowledge graph organically through automation and manual analysis results that can provide answers to the researchers at the right time with right directions without the need for the researchers to explicitly ask for it. Afterall, with the proliferation of data, the answers are everywhere, it's all about asking the right questions.
",Dinesh Venkatesan,Full Session 30-45 min,"Intermediate, Introductory and overview",,"Knowledge Graph, Graph Data Science, Visualization","Financial, General",IST,Accepted,14 Aug 2022 02:57 PM,fea6664d-f094-4742-9671-2dfef2d4919d
375811,"Exploring the Relationship Between People in the Ancient Chinese Novel ""Three Kingdoms""","Let's exploring the relationship between people in the novel ""Three Kingdoms"" with Neo4j.",Shiny Zhu,Full Session 30-45 min,Introductory and overview,,"Database, Visualization, Knowledge Graph",General,UTC+8,Accepted,19 Aug 2022 09:07 AM,6997adfc-e902-448d-9022-4b5fcd833a92
375047,"Doctor.ai, A Graph-Based Medical Chatbot","Knowledge graphs are prevalent, especially in medicine and healthcare. So far, only experts can operate them. A natural language chatbot can change that. We have developed a cloud-native medical chatbot called Doctor.ai backed by a Neo4j graph. We can employ either AWS Lex, GPT-3 or Alan AI as the natural language understanding engine. This chatbot works with English and can understand German, Chinese and Japanese. Users can dictate or type the questions. Doctor.ai then converts the questions into Cypher. It queries the Neo4j graph, gets the answers and formulates them back in the target languages. With Neovis, we can display the Neo4j results in graphs, too.

Because it is completely in the cloud, Doctor.ai can scale automatically. It is also easy to use. Because Doctor.ai is also a framework, we can use different products to fulfil the same function. The recent explosion of natural language AI products will without doubt help us further improve Doctor.ai. Finally, we can switch the backend data. So we can use this technique in logistics, forestry and other industries.",Sixing Huang,Full Session 30-45 min,"Intermediate, Introductory and overview",,"Knowledge Graph, Other, Featured",Healthcare,GMT+8,Accepted,16 Aug 2022 01:20 AM,4531db2d-a07a-47d7-bfa3-3997d5aa8ec9
378154,Creating a Graphville: A Neo4j Educational Platform,"In this talk I want to share how I created a Graphville. Graph educational platform for beginner to learn Neo4j and Cypher query language. Project, that was in a passive development for a 3 years. It is a wonderful example of indie project, when a long and continuous investments of time and power become a public product. I want to look back, summarize the most important aspects of success and share it to other engineers.",Vlad Batushkov,Lighting Talk 10-15 min,"Introductory and overview, Intermediate",GitHub account,"Other, Cypher, Best Practices",EdTech,,Accepted,25 Aug 2022 04:10 PM,03adbe35-c186-4bb2-9bc8-cf513ee990b6
377704,Learn Neo4j in Chinese on the Neo4j GraphAcademy,Introduction the Chinese courses on GraphAcademy to audience who loves to read in Chinese.,Shiny Zhu,Lighting Talk 10-15 min,Introductory and overview,,Other,General,UTC+8,Accepted,24 Aug 2022 07:26 AM,6997adfc-e902-448d-9022-4b5fcd833a92
365274,From Games of Thrones to Information System Cartography,"A story telling that explains how we built a full and operational cartography solution, that makes it possible to answer dialy complex questions impacting our RUN, detect SPOFs, critical apps, detect patterns, perform GDPR analysis and continuous documentation and Dashboards with Bloom, NeoDash and GDS. Also talking about management and organizational benefits.",Adrien Sales,Full Session 30-45 min,"Introductory and overview, Intermediate",No experience required,"Visualization, Analytics, Graph Data Science","Human Resources, General",New Caledonia Standard Time ,Accepted,14 Jul 2022 09:38 PM,bc5837e0-a634-4362-b2d0-018b679e3222
380187,Running Neo4j in Docker and Deploying Neo4j Application in OpenShift,How to deploy neo4j in docker and how to deploy neo4j application in openshift,Payel Bhunia,Lighting Talk 10-15 min,Intermediate,Docker Kubernetes Openshift Container Platform,Cloud (AuraDB,Professional Services,,Accepted,31 Aug 2022 12:21 PM,61b76d95-167a-4651-8f93-09aa69b307ab
375984,Knowledge Graphs and Machine Learning for Halal Food Product Recommendations,"We compares the product from an online grocery website with the Halal LOD dataset using the Naive Bayes, KNN and Random Forest methods. Features extraction using several graph algorithms: Common Neighbors, Preferential Attachment, Total Neighbors, Label Propagation and Louvain algorithms.",Nur Aini Rakhmawati,Lighting Talk 10-15 min,"Intermediate, Advanced",,"Graph Data Science, Knowledge Graph, Machine Learning",General,gmt+7,Accepted,20 Aug 2022 12:09 AM,4c0e8d6d-4231-40ec-b592-c3e4b22b5e6a
375010,Connected Data Lakehouse: Neo4j and Databricks Reference Data Architecture,"In this technical session, we'll have Neo4j and Databricks discuss and demonstrate a reference architecture that leverages each other's strengths in connected data and big data to ingest, transform, analyse and present insights. The demo will use a supply chain dataset to curate data and predict delays using Databricks. Conversely, Neo4j will be used to model the supply chain network, analyse and perform graph data science.","Emil Pastor, Ajmal Aziz",Full Session 30-45 min,Intermediate,,"Best Practices, Database, Analytics, Graph Data Science, Cloud (AuraDB","General, Shipping and Logistics","Sydney, Australia",Accepted,15 Aug 2022 10:16 PM,"8226969d-7964-4e21-8e33-78188e8f6423, 97eb3592-af47-4fd5-b884-3a8006e0fa1e"
375993,Coffee Knowledge Graph,"Coffee taste, everyone has their likes and dislikes.

I prefer light roasted and aromatic.
I love Coffee and passed 3 coffee certification exams.

The taste of coffee depends on many factors.

* Type and temperature of water. Soft? Hard?
* Varieties. Ethiopia? Brazil?
* Processing Methods. Washed? Dry? 
* Methods for Brewing. Pour Over? French Press?
* Types of Coffee roasts. light? medium? dark?

Let's make the Coffee knowledge graph.
Then, Let's drink the Coffee that Neo4j recommend.",Koji Annoura,Full Session 30-45 min,Introductory and overview,,Knowledge Graph,General,Asia/Tokyo UTC + 9,Accepted,20 Aug 2022 05:48 AM,920cf3dc-47e1-4a59-b500-532b1f10c0f9
379576,Take Data to the Next Level With Graph Machine Learning,"Many critical business problems use data that can be expressed as graphs. Graphs describe the relationships between data points as much as the data themselves. An easy way to think about graphs is analogous to the relationship between nodes and edges. The relationships between nodes and edges are very powerful, yet complex to model with traditional ML approaches.

In this session we will look at how graph ML powers use cases like recommendation systems, fraud detection, and more. We will also show you how to build a fraud detection solution powered by Neo4j as well as how to deploy graph-based machine learning models on the cloud.","Joinal Ahmed, Chaitra Ravada",Full Session 30-45 min,"Advanced, Intermediate",,"Graph Data Science, Machine Learning, Analytics, Featured","General, Financial",,Accepted,30 Aug 2022 08:04 AM,"3f4b886c-cece-42d2-9f53-ada528d11243, 5085fdf0-ff6e-482e-a022-a10b1a4a7b84"
380125,Construction and Application of Knowledge Graphs: Manufacturing Process for Box Parts,"Box-type parts are multi-faceted, porous, and complex-shaped parts with various processing methods, which are widely used in the field of machinery manufacturing. Knowledge graphs are a modern way to describe the relationship between data and knowledge. It is more suitable to describe its structural model by using knowledge graph, such as the geometric characteristics of the part itself, the characteristics of the manufacturing process, the processing equipment, tools and other entities. It can find out the internal relationship between entities by entity analysis, process analysis and resource analysis, establish attribute graph model and generate knowledge graphs combined the data instances of the given box-type parts. It can also perform data mining on graphs by using graph data science (GDS) , such as feature similarity calculation of graph node, feature process information retrieval and formulation. It would provide assistance for engineers to quickly design the process of box parts, improve design efficiency, reduce design cost and design time.",ËÉúÊµ∑ ÈÇ±,Lighting Talk 10-15 min,Advanced,,"Graph Data Science, Cypher, Knowledge Graph, APOC, Machine Learning",Manufacturing,,Accepted,31 Aug 2022 09:52 AM,e49a8df1-2b39-4d95-8e04-53cadb61b1dc
373064,Knowledge Graphs Powering Active Metadata,"In a world where each organization is now data-heavy, plenty of data is available for decision-making. However, understanding the data and context, i.e. having a human-like intelligence, becomes key to gaining a competitive advantage. The journey begins by knowing your data and building a living, pulsating, intelligent metadata. This session discusses leveraging a knowledge graph for creating active metadata.",Smita Padhy,Lighting Talk 10-15 min,Introductory and overview,,Knowledge Graph,General,IST,Accepted,8 Aug 2022 09:04 AM,1533a837-379b-4217-9f58-881210283cf7
380138,CloudScreen: A Graph-Based Drug Repurposing Platform Empowered by Machine Learning,"In the session will be presented in silico drug repurposing through machine learning analysis of a biochemical knowledge graph. Drug repurposing is the process which identifies the use of an existing drug to a novel protein-target. This procedure can save a lot of time and funds during drug discovery and development phases. The session will demonstrate the integration of heterogenous chemical, biological, and clinical data in a biochemical knowledge graph. The application of machine learning aims to perform link prediction in the graph and identify novel targets for existing drugs. An end-to-end workflow, combining both theoretical and practical parts, will be presented.  The key concepts will be introduced while samples of code and queries will follow each step of the pipeline.  
","Sotiris Ouzounis, Alexandros Kanterakis, Vasilis Panagiotopoulos",Full Session 30-45 min,Intermediate,Be familiar with graph database concepts and cypher language,"Graph Data Science, Machine Learning, Knowledge Graph","Pharmaceutical, Healthcare",,Accepted,31 Aug 2022 10:18 AM,"38f26a26-f28f-46a7-a3f6-5d6695a6c4cf, 464292cc-de2d-43bc-a2ba-1ee281c1b128, 1c7bc037-c71b-40dc-a0c9-af440edaab79"
380199,Analyzing Spammers in Twitter User Network,"Spams plague Twitter feeds and often bother users, at least in my country, Thailand. I will demonstrate how to detect spam and the users who generate them.
Once identify spammers, I use network algorithms to analyze them to answer a few more questions.
Do they often work alone or work together? How to find more spammers not initially detected?",Mananai Saengsuwan,Lighting Talk 10-15 min,"Advanced, Intermediate",,"Graph Data Science, Analytics",General,,Accepted,31 Aug 2022 12:38 PM,340bdb42-837a-4098-aef2-8b8a0ccdb12e
379532,Neo4j Lectures of the Stanford CS224 Course,ÊñØÂù¶Á¶èÂ§ßÂ≠¶CS224WÂõæÊú∫Âô®Â≠¶‰π†ÂÖ¨ÂºÄËØæÔºå‰∏≠ÊñáÁ≤æËÆ≤Á≥ªÂàóËßÜÈ¢ë‰ªãÁªç,Zihao Zhang,Lighting Talk 10-15 min,Introductory and overview,,Machine Learning,"General, Biotechnology",,Accepted,30 Aug 2022 04:51 AM,6e039472-b6f5-46cc-9ba1-8d6d9ac11a4f
375404,Taking Application Security Insights to the Next Level With Data Fabric and NeoSemantics,"Recently, exploits detected in open-source software packages (as log4j) increased the industry attention to find a solution to monitor, detect, prevent, and repair vulnerabilities and weaknesses in applications. To do so, organizations use detection methods to discover vulnerable software components, such as static application security testing (SAST), dynamic application security testing (DAST), and more.
These scanning methods usually discover security flaws in the code, and lack of providing the full picture required for a security expert to analyze the software. For example, how an attacker could exploit the detected flaw? And which countermeasures an organization could use to prevent this exploit?
At this point, publicly available cybersecurity knowledge graphs as D3FEND and OWASP OdTM step in. These knowledge graphs hold information of vulnerabilities, their associated attack techniques, and the corresponding countermeasures. A projection of the application flaws over these fused knowledge graphs, allows the augmentation of each flaw with the context of the potential attack techniques, and the corresponding countermeasures. In this session we demonstrate how this is done. First, we build a federated knowledge base of the D3FEND and OdTM knowledge graphs via Neo4J Data Fabric and NeoSemantics technologies. Then, we build a knowledge graph representation of a cybersecurity finding report composed of flaws detected in the application code. Finally, we use a data federation graph query to associate each detected flaw with information from the knowledge base.",Gal Engelberg,Lighting Talk 10-15 min,Advanced,,"Analytics, Knowledge Graph, Security, Cypher, Other",General,IST / UTC+2,Accepted,17 Aug 2022 03:23 PM,8f2fc841-44f5-4cc2-9e23-addd9c17a6fb
379924,Track Data Lineage With a Graph Database,"MANTA Flow is a unique data lineage product, which is able to automate scanning and analyzing interconnected systems such as databases, ETLs, reporting systems, and shows how the data flows amongst them. The backend used in MANTA Flow is a graph database, as it allows flexible relationships and fast graph traversals across the data. The talk introduces data lineage use cases and shows how data is represented in a graph database and how we use graph database features for fast and efficient data processing.","Jan Zak, David Bucek",Full Session 30-45 min,Introductory and overview,,"Analytics, Visualization","Healthcare, Financial, Telecom",,Accepted,30 Aug 2022 08:45 PM,"0feebb32-2950-4da1-886f-111f0e27d4ed, a63d65ba-e3a7-4510-bd4a-3fd9e8737003"
372266,Explore Your Graphs Visually With Jupyter Notebooks,"In this session, you will learn how to conveniently explore the contents of your neo4j graph database visually right inside your Jupyter notebooks. Create powerful notebook scripts that connect to your graph database using Python. Execute Cypher queries and run graph datascience algorithms. Finally create beautiful and helpful visualizations to analyze the results. We'll be using free tools, only!
You should bring some cypher and programming knowledge. We'll be looking at a few basic Python and some simple Cypher snippets to create awesome interactive visualizations. This one is both for intermediates and professionals!",Sebastian M√ºller,Full Session 30-45 min,Intermediate,"Basic Cypher, Python, Jupyter Labs or Notebooks","Visualization, Analytics, Cypher",General,"Berlin, CET",Accepted,3 Aug 2022 01:07 PM,2bd1f8ff-e635-40e3-bae9-b7f13f670d20
386579,A Space to Relax: Guided Meditation (APAC),"In the middle of all the interesting graph sessions you might need some time to let things land a bit, give your mind some well needed rest and come back re-charged and energised for the rest of the day.

You can listen to more of meditations here: https://soundcloud.com/burqen",Anton Persson,Lighting Talk 10-15 min,Introductory and overview,,Other,,,Accepted,19 Sep 2022 10:07 PM,0d166c94-48f2-4cea-805b-6df967a90d92
378429,Playing With State Machines,"In this talk, we'll play with finite state machines. We'll demonstrate, in a radical cypher-and-APOC-only way, how automata can be used in Neo4J to build a compiler, to orchestrate a game or even to solve AI classical problems.",Pierre Halftermeyer,Lighting Talk 10-15 min,"Intermediate, Advanced, Expert",,"Machine Learning, Cypher, APOC, Other",General,,Accepted,26 Aug 2022 01:18 PM,da73dc7f-2981-43d7-8ddb-2a122c35ed25
375555,BlueHound: Community-Driven Security Based on Neo4j and NeoDash,"BlueHound is a new open-source cybersecurity tool originally inspired and forked from NeoDash - Neo4j‚Äôs dashboard builder which helps create visualizations for graph data. BlueHound expands this concept to help defensive teams pinpoint security issues by adding data collection capabilities, query execution and caching, results export and a bunch of new charts and features.

This talk will focus on the technical details of how we use Neo4j with security data to help organizations defend themselves, presenting some of the cypher queries and the use-cases that make up BlueHound. It will also cover using NeoDash and the changes that we‚Äôve made to it to make it suitable for BlueHound.",Dekel Paz,Full Session 30-45 min,Intermediate,,"Cypher, Security, Visualization",General,GMT+3,Accepted,18 Aug 2022 10:25 AM,eace564f-5c9d-43d5-a6a0-2a62af1b21ba
382373,cy2py: Seamless Neo4j Integration in Python Notebooks,"This session will introduce cy2py a brand new Jupyter extension that allows you to integrate Neo4j in Python notebooks easily.
We'll show how easy it is to visualize the result of cypher queries as graphs and how you can create Python DataFrames from them to combine them with different plotting libraries.",Andrea Santurbano,Lighting Talk 10-15 min,Intermediate,Cypher and Python DataFrames knowledge,"Visualization, Cypher",General,,Accepted,5 Sep 2022 02:18 PM,eefc94e7-a11b-4f45-92a8-50fba26218bb
372831,Deep Face Recognition With Neo4j,"Graph databases come with the power of discovering relations hard to find. Here, Neo4j is a cool graph database. As a nature of the nosql databases, it offers highly scalability feature as well. In this post, we are going to mention how to use neo4j graph database for facial recognition tasks with DeepFace.",Sefik Serengil,Lighting Talk 10-15 min,"Introductory and overview, Intermediate",,Machine Learning,General,London,Accepted,6 Aug 2022 10:33 AM,4040f556-0957-421a-bb71-c702e8983c0b
386576,Closing Q&A APAC,Emil and Andreas will answer audience questions.,"Emil Eifrem, Andreas Kollegger",Lighting Talk 10-15 min,Introductory and overview,,,,,Accepted,19 Sep 2022 10:02 PM,"a048c517-ae6b-457a-a054-55b1870f7a94, fdef00c1-732f-49d3-b79d-fee7e3c5107d"
377693,Building Java Applications With Quarkus and Neo4j,"In this session, we'll see how to build modern Java applications powered by Quarkus that use Neo4j as a graph database to persist our domain entities.
We will look at how to integrate Neo4j into the Java and Quarkus world using OGM, how to map the graph domain model in our code, and how to build user recommendations.
Join us for this live-coding only session!",Sebastian Daschner,Full Session 30-45 min,Intermediate,Basic Java / Enterprise Java knowledge,"Best Practices, Featured",General,CEST,Accepted,24 Aug 2022 05:02 AM,73c43b1e-32d6-46a5-8786-a381743b7873
378010,XRP Ledger Blockchain ETL With Neo4j,"A story of ups, downs, learnings, and findings from working with representing the XRP Ledger in Neo4j. What started as a hobby project in 2018 to represent and analyze payments only, expanded in 2019 into a full history graph representation of the XRP Ledger blockchain that has been running for more than nine years with 2.2 billion transactions, generating more than 1.5 billion ledger objects. In 2022, the data model is updated to better scale with increased XRP Ledger use, reduce the storage footprint more than 50 percent by applying learning from the past years to remove redundant properties, move unused data to JSON strings that can be parsed with APOC as needed, and to reflect new possibilities with Neo4j 4.x. This talk also showcases how the database, that is kept in sync with the XRP Ledger +/- 10 seconds, is used in the fight against criminal finances by ‚Äúfollowing the money,‚Äù and how it is used to stay ahead of money laundering when criminals move funds quickly around prior to moving it to legitimate exchanges.",Thomas Silkjaer,Full Session 30-45 min,Advanced,,"Best Practices, Visualization, Performance",Blockchain,,Accepted,25 Aug 2022 09:12 AM,d95970da-405d-4fa9-8f50-2b8bc4eaca8e
380218,What's New in Neo4j 5 and Aura 5 for Developers,Overview of new features in Neo4j 5 with a focus on developers. This will include Aura.,John Stegeman,Full Session 30-45 min,"Introductory and overview, Intermediate",,"Database, Cypher, Cloud (AuraDB",General,,Accepted,31 Aug 2022 01:01 PM,b6c16819-84d2-4cf1-919a-ab6e05dacc7e
376081,Introducing the PHP and Graph Ecosystem,"The PHP ecosystem for Neo4j is growing exponentially. Whether you want to build your Cypher queries in a complete DSL, use an ORM with eloquent, migrate data between Symfony, get complete control over the Bolt protocol, or want to use a driver in a High Availability environment, nothing is off limits!

This Session will map the entire ecosystem and how to start with PHP and Neo4j. Join us and build your application now with one of the stable and commonly used web development languages and the world's leading graph database!",Ghlen Nagels,Full Session 30-45 min,Introductory and overview,,"Cypher, Database, API/Drivers (Python, Best Practices, Other",General,Brussels,Accepted,20 Aug 2022 02:16 PM,9ba49328-e8f4-41ab-b477-31964eed842e
379692,Index Changes in Neo4j 5,"In 4.4 we started to introduce some new index types in preparation for getting rid of the ""BTREE"" type. This work is finished with 5.0 and this session will go over the new index types; RANGE, POINT and TEXT, when to use them and how upgrade works.

FULLTEXT indexes has received an upgrade and does now support indexing of lists / arrays of strings.

A new implementation of TEXT index provide much better performance for queries using CONTAINS or ENDS WITH predicates.",Anton Persson,Full Session 30-45 min,Introductory and overview,,Database,General,,Accepted,30 Aug 2022 11:47 AM,0d166c94-48f2-4cea-805b-6df967a90d92
380221,Stretching Neo4j Across Clusters With Fabric,Learn how to create a fabric database of shards or federated databases using the new Cypher command COMPOSITE DATABASE so that your queries can span databases and clusters,John Stegeman,Lighting Talk 10-15 min,"Intermediate, Advanced, Expert",,Database,General,,Accepted,31 Aug 2022 01:06 PM,b6c16819-84d2-4cf1-919a-ab6e05dacc7e
380688,Placeholder: Announcing Azure (EAP) on Aura Enterprise!,We would like to launch Azure EAP for Aura Enterprise at Nodes this year. Ending the year by cementing our move towards Multi Cloud on Aura will be a great message.,Paul Blewett,Lighting Talk 10-15 min,"Introductory and overview, Intermediate",,Cloud (AuraDB,General,,Accepted,31 Aug 2022 08:01 PM,183bdce8-839e-4cef-bf4d-c0548fac24b8
376051,User Change Modeling in Graph Applications,"Given 
- a steadily growing knowledge graph and 
- an application where a user actively modifies a subgraph to generate insights for his project and 
- where the user needs to be able to save his changes to review at a later stage, 
how do you model the user changes? 
In SQL, you'd probably create a new table with a composite primary key to show the changes a user (pk 1) has done to which entity (pk2) and what they are. However in a graph database, you have lots of options to do that which have obvious pros and cons in terms of database setup, code complexity and query performance. In this talk, I want to lay out the problem setup and discuss advantages and disadvantages of different modeling options.
",Elena Kohlwey,Full Session 30-45 min,Intermediate,Basic SQL and Graph Modeling understanding,"Knowledge Graph, Database",General,UTC+2,Accepted,20 Aug 2022 12:35 PM,07c1e231-853a-4b0a-994c-a85b9454f758
376777,Better Testing With Testcontainers,"Early in the process of writing applications, you have to decide how to run your integration tests.
Will they hit a dedicated testing instance of Neo4j that is always running, or will you choose the embedded instance?
While both options have their pros and cons, there is also a third option: Starting a database before and stop it after testing.
Most of the time this requires some manual scripting around the test execution.
To make this process easier, there is Testcontainers with a Neo4j module available.
It starts new instances of the database along with your tests whenever needed.
Also it gives you control over the lifetime of the container and exposes needed connection informations to be used in your tests.
With this your testing infrastructure gets much more portable and there is no need to share credentials of the test server in the future.",Gerrit Meier,"Lighting Talk 10-15 min, Full Session 30-45 min","Introductory and overview, Intermediate",,Best Practices,General,CET,Accepted,23 Aug 2022 01:30 PM,1e4fcc53-8d62-4bc6-a9e5-1c10a1b3a282
380154,What's New in Graph Data Science Land,What has come out since Graph Connect. Both GDS features and AuraDS will be spoken about,Luke Gannon,Lighting Talk 10-15 min,Introductory and overview,Nothing,"Cloud (AuraDB, Machine Learning, Graph Data Science, Analytics",General,,Accepted,31 Aug 2022 10:58 AM,86fcbe5d-9fa7-4df5-b248-63729d3b8b28
377981,Link Prediction With Graph Data Science at Scale,"Predicting new links in graphs is a common problem such as predicting new friends.
However, for bigger graphs it is not computational feasible to consider every node pair to find the best.

This talk will show how to use the Graph Data Science library to predict links on larger graphs.",Florentin D√∂rre,Lighting Talk 10-15 min,"Intermediate, Advanced, Expert",,"Graph Data Science, Performance",General,,Accepted,25 Aug 2022 08:15 AM,eaa01f06-91f6-4a6a-9274-1c583219d0f6
375386,GraphQL Federation and key Neo4j GraphQL Library features,"Join the Neo4j GraphQL Team as they talk about one of the latest features they are implementing into the Neo4j GraphQL Library - GraphQL Federation. GraphQL Federation allows ""subgraphs"" to be defined, and stitch these subgraphs together using a gateway, allowing them to be queried as a single GraphQL schema. The team will highlight the similarities and differences to Fabric. You can also expect an update on other key features being implemented, including GraphQL Subscriptions.",Thomas Wiss,Full Session 30-45 min,Intermediate,Rudimentary understanding of GraphQL,GraphQL,General,London or Malm√∂,Accepted,17 Aug 2022 02:15 PM,660a81bd-132b-497d-beb3-980e975c906e
378239,Hidden in the Clouds: Using Graph Technology to Understand Your Cloud Estate,"The modern cloud infrastructure  we use to deploy our applications put lots of information at our fingertips; consoles, APIs, dashboards, metrics, etc. But despite all this data, at the FT it was hard to feel confident that we really had a grasp of what we were actually running. 

So we turned to 2 Graph technologies - neo4j and GraphQL - to build a user-friendly picture of our multi AWS account estate. This is helping keep us more secure, saving us money, improving engineering efficiency and giving us instant insights that would previously have taken hours or days of research.

In this talk I‚Äôll share more detail of the things our graph allows us to do, and outline how you can do something similar using a largely open source set of tools.
",Rhys Evans,Full Session 30-45 min,Intermediate,,"Knowledge Graph, Cloud (AuraDB, Security, GraphQL",General,,Accepted,25 Aug 2022 08:49 PM,a143f0b7-d840-4010-9b62-2acc0a6d4622
380180,Building a Neo4j/Python OGM,"Leverage Cypher map projections and Python dynamic typing to build an Object Graph Mapper for Neo4j. A step by step guide on how to get started with such project, from defining the framework API to automatically building Cypher queries.",Estelle Scifo,Full Session 30-45 min,"Introductory and overview, Intermediate, Advanced",Basic Cypher,"Cypher, API/Drivers (Python, GraphQL, Featured",General,,Accepted,31 Aug 2022 12:07 PM,05b399f0-b298-415b-8676-00c309dead29
375541,Cymple: Cypher Modular Pythonic Language Extension,"In this session we introduce a new open-source Python package to the Neo4j community, called Cymple!

Cymple is intended for creating neat, reusable Cypher queries with auto-completion in Python. We will show how ""Cymple"" it is to write your queries in Python. 

If you have been working with Cypher, while writing Python code, this package could be what you need. 
See more at github.com/Accenture/Cymple. 

This session is intended for both beginner and advanced Cypher users. ",Roei Levi,Lighting Talk 10-15 min,Introductory and overview,Basic Cypher knowledge,Cypher,General,Jerusalem (GMT+2),Accepted,18 Aug 2022 08:47 AM,bf40e49d-a215-4a64-bf2b-c40d080b1432
375840,Neo4j 5 Foundations for Scale,"This session describes two new features in Neo4j 5.0: Autonomous Clusters and Composite databases. 

Together, these features can be used to elastically scale several  large databases across multiple machines, then create combined aliases where those multiple databases can be queried together.",Hugo Firth,Full Session 30-45 min,Advanced,,Database,General,GMT,Accepted,19 Aug 2022 11:40 AM,5305bb3a-0c0b-4203-bda0-d9e369e6d58b
383432,The HealthECCO Knowledge Graph: Applying Neo4j Technologies in Health Data Research,"AUTHORS: Lea G√ºtebier(1), Tim Bleimehl(2), Ron Henkel(1), Martin Preusse(2, 3), Dagmar Waltemath(1)
1- Medical Informatics Laboratory, University Medicine Greifswald, Greifswald, Germany
2- German Center for Diabetes Research (DZD), Neuherberg, Germany
3- Kaiser & Preusse, Freiburg, Germany

Health data, in general, is often siloed and inaccessible. The FAIR data principles have contributed to overcome this situation and make health data more findable, accessible, interoperable and reusable ‚Äì but mostly within their very specific data domains.
Using the examples of COVID-19 data and data from health studies in epidemiology provided by the NFDI4health study hub, we showcase how a knowledge graph integrates multiple open data sources using a Neo4j graph database. It connects previously disparate data domains, and then offers specific interfaces for data access and exploration. 

The focus of our talk will be on introducing the main code repositories included in¬†the HealthECCO graph, explaining the workflow behind the data loading pipeline, and showcasing the usefulness of Neo4j for health data exploration. Whenever a new data source should be added, the pipeline can be modified to integrate the (fully annotated) data set.","Lea G√ºtebier, Ron Henkel, Dagmar Waltemath",Full Session 30-45 min,Intermediate,,"Knowledge Graph, Featured",Healthcare,,Accepted,8 Sep 2022 11:47 AM,"e078e408-bbe1-4c2c-a9e2-fec2afc46b93, 14e6ce08-cdcb-4fe1-9eb9-894b34d52c6c, 8804f562-a13a-4a03-922a-17e51d90bc3d"
386578,A Space to Relax: Guided Meditation (EMEA),"In the middle of all the interesting graph sessions you might need some time to let things land a bit, give your mind some well needed rest and come back re-charged and energised for the rest of the day.

You can listen to more of meditations here: https://soundcloud.com/burqen",Anton Persson,Lighting Talk 10-15 min,Introductory and overview,,Other,,,Accepted,19 Sep 2022 10:06 PM,0d166c94-48f2-4cea-805b-6df967a90d92
371545,Neo4j With Docker and Docker Compose Deep Dive,"This session will go over using Neo4j with Docker and Docker compose, presenting tips and tricks on basic usage, an explanation of the Docker image itself, backups and restore and building custom images extending the official Neo4j image.",Christophe Willemsen,Full Session 30-45 min,Intermediate,docker experience,"Database, Best Practices, Other",General,Europe/Rome,Accepted,31 Jul 2022 08:04 PM,4b11a1ff-1814-4ff8-ab96-7e84fab71f88
379774,Of Farm Topologies and Time-Series Data,"Farms are simple. A farm, a building or two, maybe a barn. Done. You‚Äôd wish.

Monitoring farms and barns is a tedious task. No farm looks like the other and water distribution, next to other elements, has grown generically. A little bit like the good old legacy systems we all love. With the additional complication of keeping track of topology changes, typical building automation systems are out of the scope.

See how clevabit integrated neo4j, PostgreSQL and TimescaleDB to bring observability to farms and what I learned along the way. And there were a lot of ‚Äúthis time it works‚Äù moments.",Chris Engelbert,Full Session 30-45 min,Intermediate,,"Database, Other, Featured",Agriculture,,Accepted,30 Aug 2022 02:53 PM,441cca24-07ac-4e64-89d1-a42917288271
380439,Keyword Disambiguation Using Transformers and Clustering to Build Cleaner KGs,"Natural Language Processing is an indispensable toolkit to build Knowledge Graphs from unstructured data. However, it comes with a price. Keywords and entities in unstructured texts are ambiguous - the same concept can be expressed by many different linguistic variations. The resulting KG would thus be polluted with many nodes representing the same entity without any order. In this session, we show how the semantic similarity based on Transformers embeddings and agglomerative clustering can help in the domain of academic disciplines and research fields, and how Neo4j improves the browsing experience of this KG.",Federica Ventruto,Full Session 30-45 min,Intermediate,,"Knowledge Graph, Machine Learning, Visualization",General,,Accepted,31 Aug 2022 04:24 PM,bfd124d6-14d5-4993-9804-765901ccfd5b
375872,Java Driver 5.0.,"Discussing the upgrade to JDK 17 baseline.
Introducing the use of Java Module (Jigsaw)
And other improvements specific to Java driver 5.0
New reactive API and it's use of the Flow API.",Andrew Heap,Lighting Talk 10-15 min,Intermediate,,API/Drivers (Python,General,London,Accepted,19 Aug 2022 02:04 PM,2263817b-a1b6-4379-bde0-e08f044d795f
379610,Genealogy With Different Graph Technologies for Data Collection and Visualization,"This presentation is about graphs for humans. The use case is an individual project to collect and display genealogy information. 

TheBrain is a great User Interface to collect scraps of information as they show up in no specific order and easily relate them in a meaningful way, that is in a graph structure.
It‚Äôs great for data collection, but global visualisation of the graph is not appropriate, for example to visualise remote common ancestors .

So I wanted a tool that has a family tree specific layout algorithm,
and that can also display a portrait when available, 
as well as dates and places of birth and death because they are essential to keep track of who you‚Äòre dealing with, as the data set becomes larger.
Gramps is an open source genealogy tool, with add-ons that can produce such visualisations.

Problem was theBrain graph model is not the same as the one used in gramps,
so Neo4j has been used as a pivot graph technology to convert the data graph structure.

The presentation will describe the data collection and export / import process from theBrain to gramps via Neo4j,
and give examples of different interesting uses of graph patterns, that is graph database queries.

We will also discuss visualisation issues and solutions for this genealogy graph use case,
among other things, for fine tuned calculus to make information of interest stand out, which can be used for many usecase.",V√©ronique Gendner,Full Session 30-45 min,Introductory and overview,,"Visualization, Cypher, Database, API/Drivers (Python",General,,Accepted,30 Aug 2022 09:05 AM,a7a84641-7fc8-4ff8-83f0-85cf5ade51c4
380269,From Node to Knowledge Graph Embeddings,"Every graph can be represented as an adjacency matrix. An adjacency matrix is a square matrix where the elements indicate whether pairs of nodes are connected.
Such a matrix can be regarded as a high-dimensional representation of the network. Now imagine you have a graph with a million nodes.
In an adjacency matrix, each node would be represented with a row in the matrix that has a million elements.
Suppose you want to train a machine learning model and somehow use the network structure information as an input feature.
Using the adjacency matrix as an input to your model could all sorts of problem from having too many input features to overfitting.
In practice, you often want to embed a node's local representation to compare nodes with similar neighborhood topology instead of using all relationships between nodes as a feature input.
Node embedding techniques try to solve these issues by learning lower-dimensional node representation for any given network.
The learned node representations or embeddings should automatically encode the network structure so that the similarity in the embedding space approximates the similarity in the network.
Additionally, knowledge graph embedding models aim to encode both the nodes as well as the relationships in the embedding space.
",Tomaz Bratanic,Full Session 30-45 min,"Intermediate, Introductory and overview",Not really any pre-requisities as the talk is a gentle high-level introduction to embeddings,"Graph Data Science, Analytics",General,,Accepted,31 Aug 2022 01:41 PM,72594a1b-20a0-471a-b997-9f889b527aba
375866,Introduction to the Async Python Driver,"Async programming as a paradigm has gained and still gains a lot of traction in the world of Python programming, especially, but not exclusively, in the realm of web development. Therefore and after plenty of requests from the community, the Neo4j team decided to provide an async version of the official Neo4j driver for Python. This feature has been recently released with version 5.0.

In this session, we'll dive into how to turn a sync Python application using the official Neo4j driver into an async one as well as some common pitfalls when writing async Python code and how that translates to the usage of our driver.

We'll also have a brief look at what async Python is an how it works. But due to the time restriction, previous knowledge is beneficial.",Andrew Heap,Lighting Talk 10-15 min,Introductory and overview,Familiarity with the Python driver,API/Drivers (Python,General,Malm√∂ CET,Accepted,19 Aug 2022 01:51 PM,2263817b-a1b6-4379-bde0-e08f044d795f
375798,Neo4j Migrations: The Lean Way of Applying Database Refactorings to Neo4j,"Neo4j-Migrations https://github.com/michael-simons/neo4j-migrations has been created out of necessity:

- For integrating Spring Data Neo4j 6 with JHipster we have been looking for a dependency free tool to apply a couple of handful refactorings, like creating indexes and such
- We are trying to move people away from using the auto index manager in Neo4j-OGM. There is no such thing in SDN 6. The safer way is to run a handful of simple Cypher scripts

In early 2020 there was no tool that fitted the requirements:

- Dependency free (or almost dependency free)
- Working purely on the official Neo4j-Java-Driver (aka Bolt-Driver), and not wrapping in into JDBC

While Liquigraph / Liquibase is an excellent tool, it basically does the opposite of what we want: It brings in a ton of dependencies and the need to make people aquainted with the concept of JDBC-Driver over Bolt (or HTTP).

Neo4j-Migrations has been in production with JHipster since summer 2020 and has evolved ever since

- It can run Cypher-Scripts (with everything you can do in Cypher),
  either in one big transaction or one transaction per statement per script
- It can run Java-based migrations: You get programmatic access to a managed session
- It records all migrations in a simple Graph
- It can use different databases in Neo4j enterprise for storing the migration graph and actual target database
- It can be applied to multiple target databases
- It supports a broad variety of callbacks (refactorings that are always applied)

It has extensions for Spring Boot and Quarkus.
The Spring Boot extension is part of Neo4j-Ops-Manager.
The Quarkus extension fully supports native deployments.

Last but not least and we think it's the most important feature: It comes as a native binary CLI, perfect for use in CI/CD systems.
The CLI has everything you need to setup safe CI scenarios.",Michael Simons,Full Session 30-45 min,Intermediate,,"Database, Best Practices",General,Europe/Berlin,Accepted,19 Aug 2022 08:25 AM,44265607-c4bd-4a9b-b37b-5dc911517037
379300,ML Innovation: More Accuracy in Predictive Models Thanks to Graph Embeddings,"Explainable, contextual, and accurate AI, training and execution pipelines for industrial predictive models:
This is the efficiency data scientists are looking for.
Neo4j's graph database enables the exploitation of relationships between data and the launch of workflows where graph algorithms compute new features that enrich predictive models and give new meaning to any data.
Let's see this on the CORA dataset of scientific publications, well known in the data science ecosystem: Neo4j and graph embeddings allow to gain several points of accuracy to predict the category of any given research paper.",Nicolas Rouyer,"Lighting Talk 10-15 min, Full Session 30-45 min","Intermediate, Advanced",Basic knowledge of Graph Data Science,"Graph Data Science, Analytics, Machine Learning",General,,Accepted,29 Aug 2022 03:40 PM,5ca47f97-1936-43d4-b627-643b3e8eec1c
380313,RDBMS to Neo4j Real Time Data Sync With Debezium and Kafka,"In most non-trivial projects, Neo4j (or any other database) is introduced gradually into the architecture, along with other existing data stores.
This can be done in many different ways: with ETL tools, scripting, custom development, etc...
However, real time data replication can be a challenge. 
Debezium is a modern, distributed open source change data capture platform that streams database changes to keep the systems in sync.
During this session, we will introduce the use of Debezium and Kafka to synchronize data from an RDBMS to Neo4j. The pros, cons and limitations of this approach will be discussed.","Nicolas Mervaillie, Alfredo Rubin",Lighting Talk 10-15 min,Intermediate,,Best Practices,General,,Accepted,31 Aug 2022 02:32 PM,"0948aa0c-06e9-4ac1-a211-96bf87be5299, 1d16ed7a-9a17-4957-ad6d-50cf58a9a659"
384458,A Developer's Guide to Building a Graph Project Value Case,"A presentation that outlines 
* why building business cases is so complicated
* what we can do about it
* how to put it in practice, with real world examples",Rik Van Bruggen,"Full Session 30-45 min, Lighting Talk 10-15 min","Intermediate, Introductory and overview",None,"Best Practices, Other",General,,Accepted,12 Sep 2022 09:47 AM,7d607dd9-8f83-4556-addb-21a15d9429c5
375592,Native Graph Algorithms in Rust,"Rust is a popular systems programming language known for its memory safety, modern type system and native performance. In this session, we present a side-project of ours, a Rust library called ""graph"" that includes an in-memory graph representation, APIs for building in-memory graphs from various data sources and a small collection of high-performance graph algorithms. 

The library also contains an experimental Python API, which allows users to integrate ""graph"" in their Python applications and benefit from native performance. In addition to the library itself, we developed an Apache Arrow Flight Server in Rust which allows the graph library to be used as a remote server application.

In our talk, we will include demos for how to use the library as a Rust and Python developer, both locally and also via Apache Arrow.","Martin Junghanns, Paul Horn",Full Session 30-45 min,Advanced,Familiarity with either Python or Rust and optionally Neo4j GDS,"Graph Data Science, Analytics, Performance",General,CEST,Accepted,18 Aug 2022 12:34 PM,"ea281f85-0f6b-475e-8ebf-c52fe883072f, 3b8cf973-bf14-41b9-8e9f-4e3c4cc7079d"
375863,Visualizing Geo-Graphs With NeoDash 2.1,"NeoDash is an open-source dashboard builder for Neo4j. As part of Neo4j labs, you can use NeoDash for free in Neo4j Desktop to render force-directed graphs, tables, bar charts, line charts and more.

The latest version of NeoDash comes packed with a variety of tools for visualizing graphs with spatial properties. In this session, we explore how to visualize a real graph on a map - and customize the visualization to use live properties from Neo4j.",Niels De Jong,Lighting Talk 10-15 min,"Introductory and overview, Intermediate",Basic knowledge of Cypher,Visualization,General,CET,Accepted,19 Aug 2022 01:29 PM,d37c4bd6-4f75-42e6-8d17-6d548db16f1b
380483,Temporal Graph Analysis,"We will share our experience with horizon scanning over a graph of medical research papers

By leveraging the author keywords from scientific publications, it is possible to build a cooccurrence graph with a temporal component provided by the paper publication date.
We will show how we can analyse trends and evolution patterns using an unsupervised algorithm which assign roles to author keyword.",Fabio Montagna,Lighting Talk 10-15 min,"Advanced, Intermediate",,"Analytics, Knowledge Graph, Machine Learning","General, Healthcare",,Accepted,31 Aug 2022 05:21 PM,4071ac84-a3a8-473c-aaec-7f20a29c2675
375819,Building Neo4j Ops Manager: Learnings From Dogfooding,"We just released a new product: Neo4j Ops Manager or NOM for short. For building NOM we decided to use quite a lot of Neo4j frameworks and projects like for instance: Spring Data Neo4j, Neo4j-Migrations, and the Cypher-DSL. From this dogfooding experience, we learned quite a bit that we would like to share in this session. Tips and tricks included! ",Sascha Peukert,"Lighting Talk 10-15 min, Full Session 30-45 min","Intermediate, Advanced",Some experience with Java and a bit of Cypher,"Best Practices, Other",General,Central European Time,Accepted,19 Aug 2022 10:08 AM,692610e7-ce83-47b0-8555-a1f951282ada
386577,Closing Q&A EMEA,Emil and Andreas will answer audience questions.,"Emil Eifrem, Andreas Kollegger",,,,,,,Accepted,19 Sep 2022 10:03 PM,"a048c517-ae6b-457a-a054-55b1870f7a94, fdef00c1-732f-49d3-b79d-fee7e3c5107d"